"File","Issues"
"content\post\2023\compsci\dfs-depth-first-search\index.md","H1 in Body (Line 20); H1 in Body (Line 24)"
"content\post\2023\compsci\programmers-item-pickup\index.md","H1 in Body (Line 30); H1 in Body (Line 43)"
"content\post\2023\compsci\two-pointer\index.md","H1 in Body (Line 35); H1 in Body (Line 37); H1 in Body (Line 42); H1 in Body (Line 46)"
"content\post\2023\compsci\union-find\index.md","H1 in Body (Line 59); H1 in Body (Line 106); H1 in Body (Line 111)"
"content\post\2023\datasci\central-limit-theorem-clt-중심극한정리\index.md","Missing Description"
"content\post\2023\datasci\cluster-analysis\index.md","Missing Description"
"content\post\2023\datasci\data\index.md","Missing Description"
"content\post\2023\datasci\descriptive-statistics\index.md","Missing Description"
"content\post\2023\datasci\deviation\index.md","Missing Description"
"content\post\2023\datasci\ensemble-앙상블\index.md","Missing Description"
"content\post\2023\datasci\fp-growth\index.md","Missing Description"
"content\post\2023\datasci\gradient-descent-gd-경사하강법\index.md","Missing Description"
"content\post\2023\datasci\inferential-statistics\index.md","Missing Description"
"content\post\2023\datasci\law-of-large-numbers-lln-큰-수의-법칙\index.md","Missing Description"
"content\post\2023\datasci\new-post-v-1-0\index.md","Missing Description"
"content\post\2023\datasci\recommender-systems-recsys-추천시스템\index.md","Missing Description"
"content\post\2023\datasci\regression-analysis-회귀분석\index.md","Missing Description"
"content\post\2023\datasci\regularized-linear-regression-정규화-선형회귀\index.md","Missing Description"
"content\post\2023\datasci\skip-connection-스킵-연결\index.md","Missing Description"
"content\post\2023\datasci\standard-score-z-score-z-value\index.md","Missing Description"
"content\post\2023\datasci\vanishing-gradient-경사-소실-기울기-소실\index.md","Missing Description"
"content\post\2023\others\database-management-system-dbms-데이터베이스-관리-시스템\index.md","Missing Description"
"content\post\2023\others\generator-yield\index.md","Missing Description"
"content\post\2023\others\method-decorators\index.md","Missing Description"
"content\post\2023\others\sql-standard-query-language\index.md","Missing Description"
"content\post\2023\others\sqld\index.md","Missing Description"
